epoch,train_loss,train_acc,val_loss,val_acc,lr
1,0.1073,0.9556,0.2824,0.9669,0.000905
2,0.0747,0.9709,0.2110,0.9613,0.000655
3,0.0310,0.9931,0.1389,0.9779,0.000345
4,0.0207,0.9958,0.0846,0.9779,0.000095
5,0.0118,0.9958,0.0731,0.9834,0.000000
