epoch,train_loss,train_acc,val_loss,val_acc,lr
1,0.1596,0.9417,0.0748,0.9779,0.000271
2,0.0376,0.9889,0.0708,0.9779,0.000196
3,0.0250,0.9917,0.0684,0.9779,0.000104
4,0.0124,0.9972,0.0669,0.9834,0.000029
5,0.0157,0.9945,0.0643,0.9779,0.000000